bib_id,pub_id,author_id,price
2a488d87cf179b027ee942c50e84ecf7,06d6f95a01221fe8b50edc00747306dd,b5cd21294dc26fe2fdc882b300bd7b5d,0
2a488d87cf179b027ee942c50e84ecf7,dd3680efab110e712dffc3e1881e4caa,b52c9090eb33654ef34fbc873c708348,55
db11f41999cd6202a66fe628c9375af6,b97594c2a38303af0aea7d2895f69b4a,1b1d76cc2c3708d14b5bf75f24b31cf0,0
db11f41999cd6202a66fe628c9375af6,db91d2462927ee8f9bc570a7f1044282,259e800db844b72299249fe566446b9a,100
db11f41999cd6202a66fe628c9375af6,560968be2b248c0deb01f84d5473bb61,6df520e1d06b14b695bc01ba71b91fbb,15
db11f41999cd6202a66fe628c9375af6,08065eff0f68d9d5eba5fe996faa51c9,41bda2b03252c2f753f73d0f3784007a,10
